run,repeat,sweep,dtype,size,seconds
62696761,0,batch,f16,1,5.85583687e-05
62696761,1,batch,f16,1,5.88410121e-05
62696761,2,batch,f16,1,5.86687207e-05
62696761,3,batch,f16,1,5.86364968e-05
62696761,4,batch,f16,1,5.86886681e-05
62696761,5,batch,f16,1,5.8612358e-05
62696761,6,batch,f16,1,5.85905077e-05
62696761,7,batch,f16,1,5.85026994e-05
62696761,8,batch,f16,1,5.9062513e-05
62696761,9,batch,f16,1,5.88124962e-05
62696761,10,batch,f16,1,5.90087349e-05
62696761,11,batch,f16,1,5.84668074e-05
62696766,0,batch,f16,2,6.03795e-05
62696766,1,batch,f16,2,6.08628591e-05
62696766,2,batch,f16,2,6.11388718e-05
62696766,3,batch,f16,2,6.09085092e-05
62696766,4,batch,f16,2,5.9980788e-05
62696766,5,batch,f16,2,6.04559617e-05
62696766,6,batch,f16,2,6.11426023e-05
62696766,7,batch,f16,2,6.08317321e-05
62696766,8,batch,f16,2,6.08049339e-05
62696766,9,batch,f16,2,6.06583379e-05
62696766,10,batch,f16,2,6.09880052e-05
62696766,11,batch,f16,2,6.06648926e-05
62696770,0,batch,f16,4,6.02994364e-05
62696770,1,batch,f16,4,6.04571999e-05
62696770,2,batch,f16,4,6.01131284e-05
62696770,3,batch,f16,4,5.97737995e-05
62696770,4,batch,f16,4,5.95619295e-05
62696770,5,batch,f16,4,6.01830474e-05
62696770,6,batch,f16,4,6.03384769e-05
62696770,7,batch,f16,4,6.02733792e-05
62696770,8,batch,f16,4,6.03461555e-05
62696770,9,batch,f16,4,6.01847782e-05
62696770,10,batch,f16,4,6.0104724e-05
62696770,11,batch,f16,4,6.01955314e-05
62696771,0,batch,f16,8,6.96509222e-05
62696771,1,batch,f16,8,7.04852896e-05
62696771,2,batch,f16,8,7.0209726e-05
62696771,3,batch,f16,8,7.05034377e-05
62696771,4,batch,f16,8,7.0343469e-05
62696771,5,batch,f16,8,7.01404262e-05
62696771,6,batch,f16,8,7.03409378e-05
62696771,7,batch,f16,8,7.03319352e-05
62696771,8,batch,f16,8,7.04782946e-05
62696771,9,batch,f16,8,7.04432926e-05
62696771,10,batch,f16,8,7.03715204e-05
62696771,11,batch,f16,8,7.00409374e-05
62696774,0,batch,f16,16,7.46925998e-05
62696774,1,batch,f16,16,7.52567382e-05
62696774,2,batch,f16,16,7.43563669e-05
62696774,3,batch,f16,16,7.38277934e-05
62696774,4,batch,f16,16,7.3923706e-05
62696774,5,batch,f16,16,7.37515989e-05
62696774,6,batch,f16,16,7.41100424e-05
62696774,7,batch,f16,16,7.43100324e-05
62696774,8,batch,f16,16,7.41715285e-05
62696774,9,batch,f16,16,7.45198396e-05
62696774,10,batch,f16,16,7.45091495e-05
62696774,11,batch,f16,16,7.45140291e-05
62696785,0,batch,f16,32,8.39399146e-05
62696785,1,batch,f16,32,8.40465093e-05
62696785,2,batch,f16,32,8.44118516e-05
62696785,3,batch,f16,32,8.42172658e-05
62696785,4,batch,f16,32,8.42157199e-05
62696785,5,batch,f16,32,8.40289551e-05
62696785,6,batch,f16,32,8.44763345e-05
62696785,7,batch,f16,32,8.42866439e-05
62696785,8,batch,f16,32,8.50061019e-05
62696785,9,batch,f16,32,8.41943123e-05
62696785,10,batch,f16,32,8.39222474e-05
62696785,11,batch,f16,32,8.42589308e-05
62696790,0,batch,f16,64,0.000100032216
62696790,1,batch,f16,64,9.97093708e-05
62696790,2,batch,f16,64,9.95610461e-05
62696790,3,batch,f16,64,9.9862214e-05
62696790,4,batch,f16,64,9.98270176e-05
62696790,5,batch,f16,64,9.93691052e-05
62696790,6,batch,f16,64,9.95308531e-05
62696790,7,batch,f16,64,9.95527411e-05
62696790,8,batch,f16,64,9.95057647e-05
62696790,9,batch,f16,64,9.95508896e-05
62696790,10,batch,f16,64,9.95295905e-05
62696790,11,batch,f16,64,0.000100056417
62696795,0,batch,f16,128,0.000366228521
62696795,1,batch,f16,128,0.000369525381
62696795,2,batch,f16,128,0.00036721625
62696795,3,batch,f16,128,0.000385572533
62696795,4,batch,f16,128,0.000372641099
62696795,5,batch,f16,128,0.00036838671
62696795,6,batch,f16,128,0.000386285578
62696795,7,batch,f16,128,0.000384052168
62696795,8,batch,f16,128,0.000378323661
62696795,9,batch,f16,128,0.000366807193
62696795,10,batch,f16,128,0.000367509838
62696795,11,batch,f16,128,0.000372273979
62696798,0,batch,f16,256,0.00046411757
62696798,1,batch,f16,256,0.000461496485
62696798,2,batch,f16,256,0.000461823093
62696798,3,batch,f16,256,0.000462830088
62696798,4,batch,f16,256,0.000460935932
62696798,5,batch,f16,256,0.000458034402
62696798,6,batch,f16,256,0.000460214179
62696798,7,batch,f16,256,0.000458932095
62696798,8,batch,f16,256,0.00046007232
62696798,9,batch,f16,256,0.000460287187
62696798,10,batch,f16,256,0.000458940233
62696798,11,batch,f16,256,0.000460457787
62696803,0,batch,f16,512,0.000776578
62696803,1,batch,f16,512,0.000772397725
62696803,2,batch,f16,512,0.000769475467
62696803,3,batch,f16,512,0.000772259371
62696803,4,batch,f16,512,0.000765430183
62696803,5,batch,f16,512,0.000770744825
62696803,6,batch,f16,512,0.0007677989
62696803,7,batch,f16,512,0.000774977267
62696803,8,batch,f16,512,0.000768862926
62696803,9,batch,f16,512,0.000776648233
62696803,10,batch,f16,512,0.000760496416
62696803,11,batch,f16,512,0.000768812074
62696806,0,batch,f16,1024,0.00142311185
62696806,1,batch,f16,1024,0.00142276331
62696806,2,batch,f16,1024,0.00142450237
62696806,3,batch,f16,1024,0.00142857757
62696806,4,batch,f16,1024,0.00142167007
62696806,5,batch,f16,1024,0.0014369295
62696806,6,batch,f16,1024,0.00143178166
62696806,7,batch,f16,1024,0.00143257296
62696806,8,batch,f16,1024,0.00142321888
62696806,9,batch,f16,1024,0.00142501886
62696806,10,batch,f16,1024,0.00142544334
62696806,11,batch,f16,1024,0.00142168278
62696808,0,batch,f16,2048,0.00309236809
62696808,1,batch,f16,2048,0.00304358607
62696808,2,batch,f16,2048,0.0031004212
62696808,3,batch,f16,2048,0.00298111163
62696808,4,batch,f16,2048,0.00308081367
62696808,5,batch,f16,2048,0.00306092183
62696808,6,batch,f16,2048,0.003099795
62696808,7,batch,f16,2048,0.00299205087
62696808,8,batch,f16,2048,0.002951135
62696808,9,batch,f16,2048,0.00306869813
62696808,10,batch,f16,2048,0.00302954053
62696808,11,batch,f16,2048,0.00310721407
62696815,0,batch,f16,4096,0.0032159785
62696815,1,batch,f16,4096,0.00325851
62696815,2,batch,f16,4096,0.00336584846
62696815,3,batch,f16,4096,0.00319023187
62696815,4,batch,f16,4096,0.00325611842
62696815,5,batch,f16,4096,0.0032454265
62696815,6,batch,f16,4096,0.00329500671
62696815,7,batch,f16,4096,0.003220411
62696815,8,batch,f16,4096,0.00324672421
62696815,9,batch,f16,4096,0.00320647593
62696815,10,batch,f16,4096,0.00325701192
62696815,11,batch,f16,4096,0.00320826235
62696822,0,batch,f16,8192,0.00548469079
62696822,1,batch,f16,8192,0.00546186845
62696822,2,batch,f16,8192,0.005527347
62696822,3,batch,f16,8192,0.00536042573
62696822,4,batch,f16,8192,0.005468233
62696822,5,batch,f16,8192,0.00545562082
62696822,6,batch,f16,8192,0.00531953817
62696822,7,batch,f16,8192,0.00536766111
62696822,8,batch,f16,8192,0.00579149994
62696822,9,batch,f16,8192,0.00545707622
62696822,10,batch,f16,8192,0.0054025799
62696822,11,batch,f16,8192,0.0052195893
62696823,0,batch,f16,16384,0.0121888643
62696823,1,batch,f16,16384,0.0129432983
62696823,2,batch,f16,16384,0.012578168
62696823,3,batch,f16,16384,0.0126203847
62696823,4,batch,f16,16384,0.0125540782
62696823,5,batch,f16,16384,0.0123684542
62696823,6,batch,f16,16384,0.0110830725
62696823,7,batch,f16,16384,0.0132412812
62696823,8,batch,f16,16384,0.0123543549
62696823,9,batch,f16,16384,0.0116417247
62696823,10,batch,f16,16384,0.0133339158
62696823,11,batch,f16,16384,0.0129692588
62696827,0,batch,f16,32768,0.0277206715
62696827,1,batch,f16,32768,0.0275803085
62696827,2,batch,f16,32768,0.0285570405
62696827,3,batch,f16,32768,0.0281575415
62696827,4,batch,f16,32768,0.0289869275
62696827,5,batch,f16,32768,0.028640736
62696827,6,batch,f16,32768,0.0269168715
62696827,7,batch,f16,32768,0.028886607
62696827,8,batch,f16,32768,0.027939134
62696827,9,batch,f16,32768,0.0282867375
62696827,10,batch,f16,32768,0.0287506735
62696827,11,batch,f16,32768,0.0247098553
62696829,0,batch,f16,65536,0.0460431555
62696829,1,batch,f16,65536,0.045776882
62696829,2,batch,f16,65536,0.041650448
62696829,3,batch,f16,65536,0.041134271
62696829,4,batch,f16,65536,0.0439457055
62696829,5,batch,f16,65536,0.041120563
62696829,6,batch,f16,65536,0.0415472785
62696829,7,batch,f16,65536,0.0415482015
62696829,8,batch,f16,65536,0.045709177
62696829,9,batch,f16,65536,0.044878615
62696829,10,batch,f16,65536,0.0415458215
62696829,11,batch,f16,65536,0.0438857035
62696831,0,batch,f16,131072,0.078560231
62696831,1,batch,f16,131072,0.073377576
62696831,2,batch,f16,131072,0.073587219
62696831,3,batch,f16,131072,0.071667585
62696831,4,batch,f16,131072,0.073284631
62696831,5,batch,f16,131072,0.072064018
62696831,6,batch,f16,131072,0.07358566
62696831,7,batch,f16,131072,0.078454695
62696831,8,batch,f16,131072,0.07353415
62696831,9,batch,f16,131072,0.073371453
62696831,10,batch,f16,131072,0.07373702
62696831,11,batch,f16,131072,0.070743604
62696841,0,batch,f16,262144,0.148644257
62696841,1,batch,f16,262144,0.147762894
62696841,2,batch,f16,262144,0.147050792
62696841,3,batch,f16,262144,0.14767245
62696841,4,batch,f16,262144,0.148456775
62696841,5,batch,f16,262144,0.148904255
62696841,6,batch,f16,262144,0.14900006
62696841,7,batch,f16,262144,0.148359259
62696841,8,batch,f16,262144,0.148471665
62696841,9,batch,f16,262144,0.147041888
62696841,10,batch,f16,262144,0.148825212
62696841,11,batch,f16,262144,0.147406028
62696844,0,batch,f16,524288,0.257912875
62696844,1,batch,f16,524288,0.259676177
62696844,2,batch,f16,524288,0.255969916
62696844,3,batch,f16,524288,0.2579842
62696844,4,batch,f16,524288,0.25809193
62696844,5,batch,f16,524288,0.256824499
62696844,6,batch,f16,524288,0.257786495
62696844,7,batch,f16,524288,0.258744998
62696844,8,batch,f16,524288,0.258143598
62696844,9,batch,f16,524288,0.258617537
62696844,10,batch,f16,524288,0.258037663
62696844,11,batch,f16,524288,0.258041479
62696850,0,batch,f16,1048576,0.461281836
62696850,1,batch,f16,1048576,0.461273886
62696850,2,batch,f16,1048576,0.459236686
62696850,3,batch,f16,1048576,0.463510106
62696850,4,batch,f16,1048576,0.463131718
62696850,5,batch,f16,1048576,0.463291777
62696850,6,batch,f16,1048576,0.460156951
62696850,7,batch,f16,1048576,0.461206237
62696850,8,batch,f16,1048576,0.463141534
62696850,9,batch,f16,1048576,0.46061332
62696850,10,batch,f16,1048576,0.460368846
62696850,11,batch,f16,1048576,0.463608042
62696854,0,batch,f16,2097152,0.863232315
62696854,1,batch,f16,2097152,0.859168106
62696854,2,batch,f16,2097152,0.860934503
62696854,3,batch,f16,2097152,0.866599283
62696854,4,batch,f16,2097152,0.866288487
62696854,5,batch,f16,2097152,0.866749983
62696854,6,batch,f16,2097152,0.865541797
62696854,7,batch,f16,2097152,0.86061824
62696854,8,batch,f16,2097152,0.863355168
62696854,9,batch,f16,2097152,0.853306453
62696854,10,batch,f16,2097152,0.859107033
62696854,11,batch,f16,2097152,0.862824013
62696874,0,batch,f16,4194304,1.64384259
62696878,0,batch,f16,8388608,3.23500922
62696885,0,batch,f16,16777216,6.41027784
62696893,0,dim,f16,1,7.2409875e-05
62696893,1,dim,f16,1,7.31479397e-05
62696893,2,dim,f16,1,7.41398161e-05
62696893,3,dim,f16,1,7.35563511e-05
62696893,4,dim,f16,1,7.33500902e-05
62696893,5,dim,f16,1,7.31931761e-05
62696893,6,dim,f16,1,7.33400562e-05
62696893,7,dim,f16,1,7.30522496e-05
62696893,8,dim,f16,1,7.31306979e-05
62696893,9,dim,f16,1,7.32990948e-05
62696893,10,dim,f16,1,7.2567375e-05
62696893,11,dim,f16,1,7.30811102e-05
62696895,0,dim,f16,2,8.40682117e-05
62696895,1,dim,f16,2,8.53997952e-05
62696895,2,dim,f16,2,8.46146427e-05
62696895,3,dim,f16,2,8.48228019e-05
62696895,4,dim,f16,2,8.55013834e-05
62696895,5,dim,f16,2,8.56016023e-05
62696895,6,dim,f16,2,8.46180101e-05
62696895,7,dim,f16,2,8.55204827e-05
62696895,8,dim,f16,2,8.54493895e-05
62696895,9,dim,f16,2,8.49264177e-05
62696895,10,dim,f16,2,8.50102835e-05
62696895,11,dim,f16,2,8.53136157e-05
62696902,0,dim,f16,4,0.000121056484
62696902,1,dim,f16,4,0.000118908948
62696902,2,dim,f16,4,0.000118616397
62696902,3,dim,f16,4,0.000118731946
62696902,4,dim,f16,4,0.000118562058
62696902,5,dim,f16,4,0.000118896768
62696902,6,dim,f16,4,0.000118888269
62696902,7,dim,f16,4,0.000118783161
62696902,8,dim,f16,4,0.000118864408
62696902,9,dim,f16,4,0.000119042523
62696902,10,dim,f16,4,0.00011867188
62696902,11,dim,f16,4,0.000119623702
62696903,0,dim,f16,8,0.000397957907
62696903,1,dim,f16,8,0.000400744291
62696903,2,dim,f16,8,0.000398734222
62696903,3,dim,f16,8,0.000401159312
62696903,4,dim,f16,8,0.000399131297
62696903,5,dim,f16,8,0.000396960612
62696903,6,dim,f16,8,0.000400170708
62696903,7,dim,f16,8,0.000398256877
62696903,8,dim,f16,8,0.000399609712
62696903,9,dim,f16,8,0.000399591389
62696903,10,dim,f16,8,0.000400167968
62696903,11,dim,f16,8,0.000398589924
62696904,0,dim,f16,16,0.00091346267
62696904,1,dim,f16,16,0.00091757294
62696904,2,dim,f16,16,0.000916086144
62696904,3,dim,f16,16,0.000917969093
62696904,4,dim,f16,16,0.000916708269
62696904,5,dim,f16,16,0.000920318706
62696904,6,dim,f16,16,0.00092537085
62696904,7,dim,f16,16,0.000937091833
62696904,8,dim,f16,16,0.000919285431
62696904,9,dim,f16,16,0.000920217736
62696904,10,dim,f16,16,0.000928360954
62696904,11,dim,f16,16,0.000922364778
62696905,0,dim,f16,32,0.00162441514
62696905,1,dim,f16,32,0.00163211631
62696905,2,dim,f16,32,0.00162491248
62696905,3,dim,f16,32,0.0016290187
62696905,4,dim,f16,32,0.00162495432
62696905,5,dim,f16,32,0.00162340917
62696905,6,dim,f16,32,0.00162531208
62696905,7,dim,f16,32,0.00162713718
62696905,8,dim,f16,32,0.00162627612
62696905,9,dim,f16,32,0.0016286619
62696905,10,dim,f16,32,0.00162534327
62696905,11,dim,f16,32,0.0016264092
62696910,0,dim,f16,64,0.00142308512
62696910,1,dim,f16,64,0.00143137556
62696910,2,dim,f16,64,0.00142367352
62696910,3,dim,f16,64,0.00142736638
62696910,4,dim,f16,64,0.00141970554
62696910,5,dim,f16,64,0.00143505772
62696910,6,dim,f16,64,0.00143787956
62696910,7,dim,f16,64,0.00143878623
62696910,8,dim,f16,64,0.00142884828
62696910,9,dim,f16,64,0.00143022031
62696910,10,dim,f16,64,0.00142255745
62696910,11,dim,f16,64,0.00142473063
62696913,0,dim,f16,128,0.0029875718
62696913,1,dim,f16,128,0.00306002993
62696913,2,dim,f16,128,0.00305598377
62696913,3,dim,f16,128,0.00308355937
62696913,4,dim,f16,128,0.00307486177
62696913,5,dim,f16,128,0.00307186212
62696913,6,dim,f16,128,0.0030845061
62696913,7,dim,f16,128,0.00309336233
62696913,8,dim,f16,128,0.00311308937
62696913,9,dim,f16,128,0.00311060967
62696913,10,dim,f16,128,0.00307253483
62696913,11,dim,f16,128,0.0030173872
62696915,0,dim,f16,256,0.00461521655
62696915,1,dim,f16,256,0.0046135242
62696915,2,dim,f16,256,0.00461655865
62696915,3,dim,f16,256,0.00461110545
62696915,4,dim,f16,256,0.0046154183
62696915,5,dim,f16,256,0.0046076214
62696915,6,dim,f16,256,0.00458895465
62696915,7,dim,f16,256,0.0046056749
62696915,8,dim,f16,256,0.0046091486
62696915,9,dim,f16,256,0.00460524635
62696915,10,dim,f16,256,0.00459944515
62696915,11,dim,f16,256,0.0046125723
62696916,0,dim,f16,512,0.0088907694
62696916,1,dim,f16,512,0.0088789333
62696916,2,dim,f16,512,0.008869434
62696916,3,dim,f16,512,0.0088956183
62696916,4,dim,f16,512,0.0088877648
62696916,5,dim,f16,512,0.0088913462
62696916,6,dim,f16,512,0.0088964754
62696916,7,dim,f16,512,0.0088745584
62696916,8,dim,f16,512,0.0088550168
62696916,9,dim,f16,512,0.0088862504
62696916,10,dim,f16,512,0.0088839484
62696916,11,dim,f16,512,0.0088639864
62696920,0,dim,f16,1024,0.0166331895
62696920,1,dim,f16,1024,0.0166753453
62696920,2,dim,f16,1024,0.0166023825
62696920,3,dim,f16,1024,0.0167132133
62696920,4,dim,f16,1024,0.0166472397
62696920,5,dim,f16,1024,0.0165889917
62696920,6,dim,f16,1024,0.016601807
62696920,7,dim,f16,1024,0.0166114527
62696920,8,dim,f16,1024,0.0166755562
62696920,9,dim,f16,1024,0.016656636
62696920,10,dim,f16,1024,0.0167027863
62696920,11,dim,f16,1024,0.0165709918
62696924,0,dim,f16,2048,0.0276360045
62696924,1,dim,f16,2048,0.0281546305
62696924,2,dim,f16,2048,0.0277682305
62696924,3,dim,f16,2048,0.027582789
62696924,4,dim,f16,2048,0.0279701065
62696924,5,dim,f16,2048,0.0284062475
62696924,6,dim,f16,2048,0.028320996
62696924,7,dim,f16,2048,0.02833442
62696924,8,dim,f16,2048,0.0279428475
62696924,9,dim,f16,2048,0.027760159
62696924,10,dim,f16,2048,0.028006999
62696924,11,dim,f16,2048,0.027603795
62696927,0,dim,f16,4096,0.052301101
62696927,1,dim,f16,4096,0.051907185
62696927,2,dim,f16,4096,0.05106951
62696927,3,dim,f16,4096,0.052575007
62696927,4,dim,f16,4096,0.051053792
62696927,5,dim,f16,4096,0.052769988
62696927,6,dim,f16,4096,0.052832571
62696927,7,dim,f16,4096,0.051998246
62696927,8,dim,f16,4096,0.051956126
62696927,9,dim,f16,4096,0.052342661
62696927,10,dim,f16,4096,0.052318097
62696927,11,dim,f16,4096,0.052976363
62696928,0,dim,f16,8192,0.084543533
62696928,1,dim,f16,8192,0.085079868
62696928,2,dim,f16,8192,0.083590332
62696928,3,dim,f16,8192,0.082808385
62696928,4,dim,f16,8192,0.083754806
62696928,5,dim,f16,8192,0.083158969
62696928,6,dim,f16,8192,0.085220727
62696928,7,dim,f16,8192,0.083685483
62696928,8,dim,f16,8192,0.077875322
62696928,9,dim,f16,8192,0.085000212
62696928,10,dim,f16,8192,0.084348366
62696928,11,dim,f16,8192,0.085034531
62696931,0,dim,f16,16384,0.145110881
62696931,1,dim,f16,16384,0.145510343
62696931,2,dim,f16,16384,0.144357847
62696931,3,dim,f16,16384,0.144152707
62696931,4,dim,f16,16384,0.14516572
62696931,5,dim,f16,16384,0.144366402
62696931,6,dim,f16,16384,0.145011808
62696931,7,dim,f16,16384,0.144775141
62696931,8,dim,f16,16384,0.14458452
62696931,9,dim,f16,16384,0.144511084
62696931,10,dim,f16,16384,0.145031973
62696931,11,dim,f16,16384,0.144433753
62696932,0,dim,f16,32768,0.249387197
62696932,1,dim,f16,32768,0.251584664
62696932,2,dim,f16,32768,0.252878439
62696932,3,dim,f16,32768,0.252747236
62696932,4,dim,f16,32768,0.252273342
62696932,5,dim,f16,32768,0.251011694
62696932,6,dim,f16,32768,0.250752326
62696932,7,dim,f16,32768,0.252752632
62696932,8,dim,f16,32768,0.252842589
62696932,9,dim,f16,32768,0.252070695
62696932,10,dim,f16,32768,0.250135717
62696932,11,dim,f16,32768,0.239395195
62696938,0,dim,f16,65536,0.489794592
62696938,1,dim,f16,65536,0.491483595
62696938,2,dim,f16,65536,0.48998837
62696938,3,dim,f16,65536,0.488308389
62696938,4,dim,f16,65536,0.490575575
62696938,5,dim,f16,65536,0.490761195
62696938,6,dim,f16,65536,0.489475022
62696938,7,dim,f16,65536,0.488344992
62696938,8,dim,f16,65536,0.487394817
62696938,9,dim,f16,65536,0.489173288
62696938,10,dim,f16,65536,0.48866254
62696938,11,dim,f16,65536,0.490683164
62696949,0,dim,f16,131072,0.915502423
62696949,1,dim,f16,131072,0.916565182
62696949,2,dim,f16,131072,0.915311191
62696949,3,dim,f16,131072,0.918168415
62696949,4,dim,f16,131072,0.91902651
62696949,5,dim,f16,131072,0.917410798
62696949,6,dim,f16,131072,0.915810747
62696949,7,dim,f16,131072,0.915248846
62696949,8,dim,f16,131072,0.914253939
62696949,9,dim,f16,131072,0.918916995
62696949,10,dim,f16,131072,0.914927888
62696949,11,dim,f16,131072,0.910940862
62696962,0,dim,f16,262144,1.77278905
62696967,0,dim,f16,524288,3.48174726
62696975,0,dim,f16,1048576,6.84519343
62696985,0,dim,f16,2097152,12.9702466
62697018,0,batch,f32,1,6.02203673e-05
62697018,1,batch,f32,1,6.00605192e-05
62697018,2,batch,f32,1,6.00988799e-05
62697018,3,batch,f32,1,6.02291801e-05
62697018,4,batch,f32,1,6.05440677e-05
62697018,5,batch,f32,1,6.02993295e-05
62697018,6,batch,f32,1,6.0155261e-05
62697018,7,batch,f32,1,6.01612528e-05
62697018,8,batch,f32,1,6.0152354e-05
62697018,9,batch,f32,1,6.01640165e-05
62697018,10,batch,f32,1,6.02444732e-05
62697018,11,batch,f32,1,5.99232843e-05
62697019,0,batch,f32,2,6.08854119e-05
62697019,1,batch,f32,2,6.11112323e-05
62697019,2,batch,f32,2,6.10241179e-05
62697019,3,batch,f32,2,6.11065309e-05
62697019,4,batch,f32,2,6.09532494e-05
62697019,5,batch,f32,2,6.05726927e-05
62697019,6,batch,f32,2,6.05716255e-05
62697019,7,batch,f32,2,6.06732968e-05
62697019,8,batch,f32,2,6.06621952e-05
62697019,9,batch,f32,2,6.08181517e-05
62697019,10,batch,f32,2,6.08695322e-05
62697019,11,batch,f32,2,6.07421427e-05
62697025,0,batch,f32,4,5.95906366e-05
62697025,1,batch,f32,4,6.11196087e-05
62697025,2,batch,f32,4,6.05877794e-05
62697025,3,batch,f32,4,6.06022107e-05
62697025,4,batch,f32,4,6.04089921e-05
62697025,5,batch,f32,4,6.03427669e-05
62697025,6,batch,f32,4,6.02624018e-05
62697025,7,batch,f32,4,6.02910524e-05
62697025,8,batch,f32,4,6.00844857e-05
62697025,9,batch,f32,4,6.0055042e-05
62697025,10,batch,f32,4,6.00661723e-05
62697025,11,batch,f32,4,6.03712967e-05
62697039,0,batch,f32,32,8.06181232e-05
62697039,1,batch,f32,32,8.02931052e-05
62697039,2,batch,f32,32,8.0647692e-05
62697039,3,batch,f32,32,8.07892865e-05
62697039,4,batch,f32,32,8.10249303e-05
62697039,5,batch,f32,32,8.10777273e-05
62697039,6,batch,f32,32,9.10902141e-05
62697039,7,batch,f32,32,8.07376309e-05
62697039,8,batch,f32,32,8.13802784e-05
62697039,9,batch,f32,32,8.16502435e-05
62697039,10,batch,f32,32,9.46987178e-05
62697039,11,batch,f32,32,8.0903067e-05
62697043,0,batch,f32,64,9.33760311e-05
62697043,1,batch,f32,64,9.32340199e-05
62697043,2,batch,f32,64,9.33082927e-05
62697043,3,batch,f32,64,9.283587e-05
62697043,4,batch,f32,64,9.3066002e-05
62697043,5,batch,f32,64,9.28967992e-05
62697043,6,batch,f32,64,9.30404952e-05
62697043,7,batch,f32,64,9.25969737e-05
62697043,8,batch,f32,64,9.29279079e-05
62697043,9,batch,f32,64,9.32740659e-05
62697043,10,batch,f32,64,9.31191051e-05
62697043,11,batch,f32,64,9.25128526e-05
62697164,0,dim,f32,2,7.99749005e-05
62697164,1,dim,f32,2,8.03930403e-05
62697164,2,dim,f32,2,8.09035916e-05
62697164,3,dim,f32,2,8.12302557e-05
62697164,4,dim,f32,2,8.10292023e-05
62697164,5,dim,f32,2,8.14485164e-05
62697164,6,dim,f32,2,8.10420367e-05
62697164,7,dim,f32,2,8.10551594e-05
62697164,8,dim,f32,2,8.08584871e-05
62697164,9,dim,f32,2,8.11676939e-05
62697164,10,dim,f32,2,8.10996312e-05
62697164,11,dim,f32,2,8.08220512e-05
62697168,0,dim,f32,4,0.000105411573
62697168,1,dim,f32,4,0.000104996126
62697168,2,dim,f32,4,0.000106048697
62697168,3,dim,f32,4,0.000105221583
62697168,4,dim,f32,4,0.000105724078
62697168,5,dim,f32,4,0.000105744026
62697168,6,dim,f32,4,0.000105519354
62697168,7,dim,f32,4,0.000106232812
62697168,8,dim,f32,4,0.00010581612
62697168,9,dim,f32,4,0.000105787338
62697168,10,dim,f32,4,0.000107890252
62697168,11,dim,f32,4,0.000105804148
62697206,0,dim,f32,2048,0.026015406
62697206,1,dim,f32,2048,0.0259464085
62697206,2,dim,f32,2048,0.0258752495
62697206,3,dim,f32,2048,0.0258900905
62697206,4,dim,f32,2048,0.025814525
62697206,5,dim,f32,2048,0.026090904
62697206,6,dim,f32,2048,0.025835213
62697206,7,dim,f32,2048,0.025863404
62697206,8,dim,f32,2048,0.0258992355
62697206,9,dim,f32,2048,0.0259604755
62697206,10,dim,f32,2048,0.026067324
62697206,11,dim,f32,2048,0.0258135435
62697211,0,dim,f32,4096,0.0406523805
62697211,1,dim,f32,4096,0.0406323875
62697211,2,dim,f32,4096,0.040316928
62697211,3,dim,f32,4096,0.0403583505
62697211,4,dim,f32,4096,0.0407790865
62697211,5,dim,f32,4096,0.0397604265
62697211,6,dim,f32,4096,0.040508374
62697211,7,dim,f32,4096,0.040480877
62697211,8,dim,f32,4096,0.0401400455
62697211,9,dim,f32,4096,0.039973687
62697211,10,dim,f32,4096,0.0405935695
62697211,11,dim,f32,4096,0.040685647
62697188,0,dim,f32,128,0.0020289368
62697188,1,dim,f32,128,0.00192296173
62697188,2,dim,f32,128,0.00198018055
62697188,3,dim,f32,128,0.00193524634
62697188,4,dim,f32,128,0.00200059507
62697188,5,dim,f32,128,0.00194768455
62697188,6,dim,f32,128,0.00194663079
62697188,7,dim,f32,128,0.00197762609
62697188,8,dim,f32,128,0.0019983884
62697188,9,dim,f32,128,0.00200385723
62697188,10,dim,f32,128,0.00188405941
62697188,11,dim,f32,128,0.002019322
62697171,0,dim,f32,8,0.000393504161
62697171,1,dim,f32,8,0.000393488587
62697171,2,dim,f32,8,0.000394263699
62697171,3,dim,f32,8,0.00039382536
62697171,4,dim,f32,8,0.000395343474
62697171,5,dim,f32,8,0.000392783262
62697171,6,dim,f32,8,0.00039216834
62697171,7,dim,f32,8,0.000391766961
62697171,8,dim,f32,8,0.000392535527
62697171,9,dim,f32,8,0.000388956706
62697171,10,dim,f32,8,0.00039376321
62697171,11,dim,f32,8,0.000393043287
62697049,0,batch,f32,128,0.000275149809
62697049,1,batch,f32,128,0.00020879813
62697049,2,batch,f32,128,0.000189534398
62697049,3,batch,f32,128,0.000173060346
62697049,4,batch,f32,128,0.000182155333
62697049,5,batch,f32,128,0.000177253333
62697049,6,batch,f32,128,0.000165237023
62697049,7,batch,f32,128,0.000168755903
62697049,8,batch,f32,128,0.000173252129
62697049,9,batch,f32,128,0.000226484307
62697049,10,batch,f32,128,0.000169712299
62697049,11,batch,f32,128,0.000177071159
62697057,0,batch,f32,256,0.00044742494
62697057,1,batch,f32,256,0.000453672733
62697057,2,batch,f32,256,0.000446947016
62697057,3,batch,f32,256,0.000447427876
62697057,4,batch,f32,256,0.000449016039
62697057,5,batch,f32,256,0.00044698806
62697057,6,batch,f32,256,0.000447507053
62697057,7,batch,f32,256,0.000447170577
62697057,8,batch,f32,256,0.000447071784
62697057,9,batch,f32,256,0.000447652833
62697057,10,batch,f32,256,0.000448642102
62697057,11,batch,f32,256,0.000450910515
62697062,0,batch,f32,512,0.000696629664
62697062,1,batch,f32,512,0.00069116014
62697062,2,batch,f32,512,0.00069905278
62697062,3,batch,f32,512,0.0006996353
62697062,4,batch,f32,512,0.000696468159
62697062,5,batch,f32,512,0.000694328412
62697062,6,batch,f32,512,0.000696066439
62697062,7,batch,f32,512,0.000695187288
62697062,8,batch,f32,512,0.000692480087
62697062,9,batch,f32,512,0.000693930709
62697062,10,batch,f32,512,0.000697201254
62697062,11,batch,f32,512,0.000694317362
62697067,0,batch,f32,1024,0.00197125472
62697067,1,batch,f32,1024,0.00190630793
62697067,2,batch,f32,1024,0.00195698202
62697067,3,batch,f32,1024,0.00191907583
62697067,4,batch,f32,1024,0.00193340125
62697067,5,batch,f32,1024,0.00190585907
62697067,6,batch,f32,1024,0.00192300218
62697067,7,batch,f32,1024,0.00190883702
62697067,8,batch,f32,1024,0.00185402228
62697067,9,batch,f32,1024,0.00190637159
62697067,10,batch,f32,1024,0.00186569232
62697067,11,batch,f32,1024,0.00196605382
62697071,0,batch,f32,2048,0.001963205
62697071,1,batch,f32,2048,0.00197475236
62697071,2,batch,f32,2048,0.00196884423
62697071,3,batch,f32,2048,0.00202293534
62697071,4,batch,f32,2048,0.0019033341
62697071,5,batch,f32,2048,0.00195431539
62697071,6,batch,f32,2048,0.00172133388
62697071,7,batch,f32,2048,0.00203379261
62697071,8,batch,f32,2048,0.00201373159
62697071,9,batch,f32,2048,0.00197010116
62697071,10,batch,f32,2048,0.00197861639
62697071,11,batch,f32,2048,0.00200847625
62697078,0,batch,f32,4096,0.00268900017
62697078,1,batch,f32,4096,0.00258551229
62697078,2,batch,f32,4096,0.00238628881
62697078,3,batch,f32,4096,0.00250678132
62697078,4,batch,f32,4096,0.00252341015
62697078,5,batch,f32,4096,0.00252923432
62697078,6,batch,f32,4096,0.00242711882
62697078,7,batch,f32,4096,0.00241190941
62697078,8,batch,f32,4096,0.00255438443
62697078,9,batch,f32,4096,0.00244049469
62697078,10,batch,f32,4096,0.0024434927
62697078,11,batch,f32,4096,0.00250466154
62697081,0,batch,f32,8192,0.00606913031
62697081,1,batch,f32,8192,0.0061541522
62697081,2,batch,f32,8192,0.0062029181
62697081,3,batch,f32,8192,0.00627396109
62697081,4,batch,f32,8192,0.00617890609
62697081,5,batch,f32,8192,0.00620954992
62697081,6,batch,f32,8192,0.0058750231
62697081,7,batch,f32,8192,0.00611690082
62697081,8,batch,f32,8192,0.006142746
62697081,9,batch,f32,8192,0.0062228739
62697081,10,batch,f32,8192,0.0057942317
62697081,11,batch,f32,8192,0.00613846289
62697088,0,batch,f32,16384,0.0120027127
62697088,1,batch,f32,16384,0.0115932282
62697088,2,batch,f32,16384,0.0128021323
62697088,3,batch,f32,16384,0.012878147
62697088,4,batch,f32,16384,0.0120970535
62697088,5,batch,f32,16384,0.0114413994
62697088,6,batch,f32,16384,0.0132667633
62697088,7,batch,f32,16384,0.0128012115
62697088,8,batch,f32,16384,0.0128565455
62697088,9,batch,f32,16384,0.0130170832
62697088,10,batch,f32,16384,0.0123593357
62697088,11,batch,f32,16384,0.0124606482
62697094,0,batch,f32,32768,0.0250154058
62697094,1,batch,f32,32768,0.026033389
62697094,2,batch,f32,32768,0.0215494905
62697094,3,batch,f32,32768,0.023543536
62697094,4,batch,f32,32768,0.0211339495
62697094,5,batch,f32,32768,0.0230381083
62697094,6,batch,f32,32768,0.026186384
62697094,7,batch,f32,32768,0.0235839872
62697094,8,batch,f32,32768,0.0225529085
62697094,9,batch,f32,32768,0.026044366
62697094,10,batch,f32,32768,0.023028094
62697094,11,batch,f32,32768,0.021987399
62697097,0,batch,f32,65536,0.039171355
62697097,1,batch,f32,65536,0.0387685025
62697097,2,batch,f32,65536,0.0398247475
62697097,3,batch,f32,65536,0.038574312
62697097,4,batch,f32,65536,0.038601198
62697097,5,batch,f32,65536,0.039538751
62697097,6,batch,f32,65536,0.038523083
62697097,7,batch,f32,65536,0.0387351885
62697097,8,batch,f32,65536,0.039196951
62697097,9,batch,f32,65536,0.0383754105
62697097,10,batch,f32,65536,0.0388016305
62697097,11,batch,f32,65536,0.038799284
62697102,0,batch,f32,131072,0.066815136
62697102,1,batch,f32,131072,0.067440687
62697102,2,batch,f32,131072,0.066356482
62697102,3,batch,f32,131072,0.066523022
62697102,4,batch,f32,131072,0.066368691
62697102,5,batch,f32,131072,0.067614074
62697102,6,batch,f32,131072,0.066908676
62697102,7,batch,f32,131072,0.067102904
62697102,8,batch,f32,131072,0.067593346
62697102,9,batch,f32,131072,0.067601024
62697102,10,batch,f32,131072,0.067605449
62697102,11,batch,f32,131072,0.068333716
62697106,0,batch,f32,262144,0.136709739
62697106,1,batch,f32,262144,0.136873913
62697106,2,batch,f32,262144,0.136647162
62697106,3,batch,f32,262144,0.137010779
62697106,4,batch,f32,262144,0.138007989
62697106,5,batch,f32,262144,0.137136126
62697106,6,batch,f32,262144,0.137337723
62697106,7,batch,f32,262144,0.137153056
62697106,8,batch,f32,262144,0.136464833
62697106,9,batch,f32,262144,0.136407912
62697106,10,batch,f32,262144,0.136996362
62697106,11,batch,f32,262144,0.136823469
62697111,0,batch,f32,524288,0.236421304
62697111,1,batch,f32,524288,0.237090352
62697111,2,batch,f32,524288,0.2323435
62697111,3,batch,f32,524288,0.237884309
62697111,4,batch,f32,524288,0.234770477
62697111,5,batch,f32,524288,0.23785146
62697111,6,batch,f32,524288,0.235830002
62697111,7,batch,f32,524288,0.238174564
62697111,8,batch,f32,524288,0.237913143
62697111,9,batch,f32,524288,0.235998228
62697111,10,batch,f32,524288,0.236395572
62697111,11,batch,f32,524288,0.219868824
62697113,0,batch,f32,1048576,0.411253237
62697113,1,batch,f32,1048576,0.418264633
62697113,2,batch,f32,1048576,0.421074675
62697113,3,batch,f32,1048576,0.422149064
62697113,4,batch,f32,1048576,0.41850237
62697113,5,batch,f32,1048576,0.418527833
62697113,6,batch,f32,1048576,0.420849948
62697113,7,batch,f32,1048576,0.406182414
62697113,8,batch,f32,1048576,0.421251847
62697113,9,batch,f32,1048576,0.417273116
62697113,10,batch,f32,1048576,0.419281824
62697113,11,batch,f32,1048576,0.418653725
62697126,0,batch,f32,2097152,0.784257466
62697126,1,batch,f32,2097152,0.787684706
62697126,2,batch,f32,2097152,0.788101634
62697126,3,batch,f32,2097152,0.790022416
62697126,4,batch,f32,2097152,0.788415931
62697126,5,batch,f32,2097152,0.787781207
62697126,6,batch,f32,2097152,0.785464736
62697126,7,batch,f32,2097152,0.788370175
62697126,8,batch,f32,2097152,0.786802815
62697126,9,batch,f32,2097152,0.787425999
62697126,10,batch,f32,2097152,0.790421027
62697126,11,batch,f32,2097152,0.787935666
62697146,0,batch,f32,4194304,1.5065424
62697149,0,batch,f32,8388608,2.95311649
62697192,0,dim,f32,256,0.00414591945
62697192,1,dim,f32,256,0.00417080523
62697192,2,dim,f32,256,0.00414398145
62697192,3,dim,f32,256,0.00417047168
62697192,4,dim,f32,256,0.00414522973
62697192,5,dim,f32,256,0.00417305541
62697192,6,dim,f32,256,0.00415872864
62697192,7,dim,f32,256,0.00415963327
62697192,8,dim,f32,256,0.00414956482
62697192,9,dim,f32,256,0.00416135677
62697192,10,dim,f32,256,0.00415165636
62697192,11,dim,f32,256,0.00414847241
62697219,0,dim,f32,8192,0.072529716
62697219,1,dim,f32,8192,0.072450974
62697219,2,dim,f32,8192,0.070556012
62697219,3,dim,f32,8192,0.071812136
62697219,4,dim,f32,8192,0.072014016
62697219,5,dim,f32,8192,0.07253992
62697219,6,dim,f32,8192,0.071421786
62697219,7,dim,f32,8192,0.071919121
62697219,8,dim,f32,8192,0.072717425
62697219,9,dim,f32,8192,0.071704738
62697219,10,dim,f32,8192,0.071720437
62697219,11,dim,f32,8192,0.071913734
62697223,0,dim,f32,16384,0.120905598
62697223,1,dim,f32,16384,0.118470356
62697223,2,dim,f32,16384,0.116892784
62697223,3,dim,f32,16384,0.121376423
62697223,4,dim,f32,16384,0.120575383
62697223,5,dim,f32,16384,0.117942683
62697223,6,dim,f32,16384,0.118103499
62697223,7,dim,f32,16384,0.118102288
62697223,8,dim,f32,16384,0.120556738
62697223,9,dim,f32,16384,0.118158638
62697223,10,dim,f32,16384,0.118875042
62697223,11,dim,f32,16384,0.114736889
62697228,0,dim,f32,32768,0.208244335
62697228,1,dim,f32,32768,0.207269897
62697228,2,dim,f32,32768,0.207524367
62697228,3,dim,f32,32768,0.208349234
62697228,4,dim,f32,32768,0.207792388
62697228,5,dim,f32,32768,0.207994625
62697228,6,dim,f32,32768,0.206914273
62697228,7,dim,f32,32768,0.20819339
62697228,8,dim,f32,32768,0.20717788
62697228,9,dim,f32,32768,0.207433221
62697228,10,dim,f32,32768,0.208278941
62697228,11,dim,f32,32768,0.207428488
62697234,0,dim,f32,65536,0.410376193
62697234,1,dim,f32,65536,0.407713208
62697234,2,dim,f32,65536,0.409281307
62697234,3,dim,f32,65536,0.407911055
62697234,4,dim,f32,65536,0.40772175
62697234,5,dim,f32,65536,0.410893049
62697234,6,dim,f32,65536,0.38600908
62697234,7,dim,f32,65536,0.39886122
62697234,8,dim,f32,65536,0.409872869
62697234,9,dim,f32,65536,0.408791328
62697234,10,dim,f32,65536,0.407772054
62697234,11,dim,f32,65536,0.408822181
62697246,0,dim,f32,131072,0.765992547
62697246,1,dim,f32,131072,0.769214265
62697246,2,dim,f32,131072,0.765247556
62697246,3,dim,f32,131072,0.764879576
62697246,4,dim,f32,131072,0.766243897
62697246,5,dim,f32,131072,0.766046362
62697246,6,dim,f32,131072,0.766386025
62697246,7,dim,f32,131072,0.764910411
62697246,8,dim,f32,131072,0.767722528
62697246,9,dim,f32,131072,0.766514979
62697246,10,dim,f32,131072,0.760671164
62697246,11,dim,f32,131072,0.767729819
62697256,0,dim,f32,262144,1.46955158
62697259,0,dim,f32,524288,2.876276
62697267,0,dim,f32,1048576,5.69257953
62697282,0,dim,f32,2097152,10.7001496
62697308,0,batch,f64,1,6.03538794e-05
62697308,1,batch,f64,1,6.02006475e-05
62697308,2,batch,f64,1,6.04598794e-05
62697308,3,batch,f64,1,6.02943574e-05
62697308,4,batch,f64,1,6.01595704e-05
62697308,5,batch,f64,1,6.03390353e-05
62697308,6,batch,f64,1,6.02456644e-05
62697308,7,batch,f64,1,6.00656795e-05
62697308,8,batch,f64,1,6.02620396e-05
62697308,9,batch,f64,1,6.02158411e-05
62697308,10,batch,f64,1,6.02249232e-05
62697308,11,batch,f64,1,5.99364173e-05
62697314,0,batch,f64,2,6.00439875e-05
62697314,1,batch,f64,2,6.04144584e-05
62697314,2,batch,f64,2,6.08332931e-05
62697314,3,batch,f64,2,6.1061864e-05
62697314,4,batch,f64,2,6.07868322e-05
62697314,5,batch,f64,2,6.04031928e-05
62697314,6,batch,f64,2,6.09825955e-05
62697314,7,batch,f64,2,6.04762623e-05
62697314,8,batch,f64,2,6.08377703e-05
62697314,9,batch,f64,2,6.05613863e-05
62697314,10,batch,f64,2,6.05732536e-05
62697314,11,batch,f64,2,6.04022449e-05
62697318,0,batch,f64,4,6.78213002e-05
62697318,1,batch,f64,4,6.7195021e-05
62697318,2,batch,f64,4,6.58908825e-05
62697318,3,batch,f64,4,6.64716135e-05
62697318,4,batch,f64,4,6.68307374e-05
62697318,5,batch,f64,4,6.57148782e-05
62697318,6,batch,f64,4,6.60187961e-05
62697318,7,batch,f64,4,6.49235114e-05
62697318,8,batch,f64,4,6.53698031e-05
62697318,9,batch,f64,4,6.44653143e-05
62697318,10,batch,f64,4,6.51209912e-05
62697318,11,batch,f64,4,6.53267227e-05
62697319,0,batch,f64,8,7.42932279e-05
62697319,1,batch,f64,8,7.56113609e-05
62697319,2,batch,f64,8,7.52805382e-05
62697319,3,batch,f64,8,7.5317837e-05
62697319,4,batch,f64,8,7.53789078e-05
62697319,5,batch,f64,8,7.57916705e-05
62697319,6,batch,f64,8,7.49169984e-05
62697319,7,batch,f64,8,7.54832389e-05
62697319,8,batch,f64,8,7.4633953e-05
62697319,9,batch,f64,8,7.60209969e-05
62697319,10,batch,f64,8,7.49551892e-05
62697319,11,batch,f64,8,7.59157173e-05
62697324,0,batch,f64,16,7.98253545e-05
62697324,1,batch,f64,16,8.0761109e-05
62697324,2,batch,f64,16,8.07913313e-05
62697324,3,batch,f64,16,8.13147344e-05
62697324,4,batch,f64,16,8.08295615e-05
62697324,5,batch,f64,16,8.07630149e-05
62697324,6,batch,f64,16,7.94456929e-05
62697324,7,batch,f64,16,8.24949475e-05
62697324,8,batch,f64,16,7.94391018e-05
62697324,9,batch,f64,16,7.97037702e-05
62697324,10,batch,f64,16,8.03954567e-05
62697324,11,batch,f64,16,8.08470836e-05
62697325,0,batch,f64,32,9.36949375e-05
62697325,1,batch,f64,32,9.34506782e-05
62697325,2,batch,f64,32,9.40130529e-05
62697325,3,batch,f64,32,9.44193826e-05
62697325,4,batch,f64,32,9.36753493e-05
62697325,5,batch,f64,32,9.33886634e-05
62697325,6,batch,f64,32,9.33376667e-05
62697325,7,batch,f64,32,9.35344243e-05
62697325,8,batch,f64,32,9.29656057e-05
62697325,9,batch,f64,32,9.32103167e-05
62697325,10,batch,f64,32,9.29959917e-05
62697325,11,batch,f64,32,9.31869308e-05
62697332,0,batch,f64,64,0.000155748968
62697332,1,batch,f64,64,0.000131286214
62697332,2,batch,f64,64,0.000131831401
62697332,3,batch,f64,64,0.000131053656
62697332,4,batch,f64,64,0.00013104376
62697332,5,batch,f64,64,0.000131272856
62697332,6,batch,f64,64,0.000130922967
62697332,7,batch,f64,64,0.000131049229
62697332,8,batch,f64,64,0.00013120494
62697332,9,batch,f64,64,0.000130436483
62697332,10,batch,f64,64,0.000131486298
62697332,11,batch,f64,64,0.000131147043
62697336,0,batch,f64,128,0.000431752511
62697336,1,batch,f64,128,0.000432435542
62697336,2,batch,f64,128,0.000428221571
62697336,3,batch,f64,128,0.000429051133
62697336,4,batch,f64,128,0.000430955518
62697336,5,batch,f64,128,0.000427869255
62697336,6,batch,f64,128,0.000430734892
62697336,7,batch,f64,128,0.000429813015
62697336,8,batch,f64,128,0.000427301865
62697336,9,batch,f64,128,0.000429039467
62697336,10,batch,f64,128,0.000427519143
62697336,11,batch,f64,128,0.00042781994
62697342,0,batch,f64,256,0.000567642235
62697342,1,batch,f64,256,0.000568443113
62697342,2,batch,f64,256,0.000571369922
62697342,3,batch,f64,256,0.000565225387
62697342,4,batch,f64,256,0.000567843732
62697342,5,batch,f64,256,0.000567876337
62697342,6,batch,f64,256,0.000570083253
62697342,7,batch,f64,256,0.000567022228
62697342,8,batch,f64,256,0.000571932106
62697342,9,batch,f64,256,0.000569445171
62697342,10,batch,f64,256,0.00056835447
62697342,11,batch,f64,256,0.000569584169
62697357,0,batch,f64,512,0.00149175288
62697357,1,batch,f64,512,0.00150329582
62697357,2,batch,f64,512,0.00150021029
62697357,3,batch,f64,512,0.00151465472
62697357,4,batch,f64,512,0.00149380237
62697357,5,batch,f64,512,0.00149407059
62697357,6,batch,f64,512,0.0014837065
62697357,7,batch,f64,512,0.00148020133
62697357,8,batch,f64,512,0.00147981075
62697357,9,batch,f64,512,0.00149760026
62697357,10,batch,f64,512,0.00147497168
62697357,11,batch,f64,512,0.00147913383
62697360,0,batch,f64,1024,0.00162425884
62697360,1,batch,f64,1024,0.00157283648
62697360,2,batch,f64,1024,0.00159102463
62697360,3,batch,f64,1024,0.00158089068
62697360,4,batch,f64,1024,0.00155698946
62697360,5,batch,f64,1024,0.00152813315
62697360,6,batch,f64,1024,0.00156178179
62697360,7,batch,f64,1024,0.00160428983
62697360,8,batch,f64,1024,0.00153732784
62697360,9,batch,f64,1024,0.00157566239
62697360,10,batch,f64,1024,0.00155654018
62697360,11,batch,f64,1024,0.00158317659
62697365,0,batch,f64,2048,0.0031335915
62697365,1,batch,f64,2048,0.00313277687
62697365,2,batch,f64,2048,0.0031346556
62697365,3,batch,f64,2048,0.00313121597
62697365,4,batch,f64,2048,0.00312636373
62697365,5,batch,f64,2048,0.0031257563
62697365,6,batch,f64,2048,0.00313672897
62697365,7,batch,f64,2048,0.0031346669
62697365,8,batch,f64,2048,0.0031344484
62697365,9,batch,f64,2048,0.00313520673
62697365,10,batch,f64,2048,0.00312984867
62697365,11,batch,f64,2048,0.00313203137
62697372,0,batch,f64,4096,0.00438157522
62697372,1,batch,f64,4096,0.004741727
62697372,2,batch,f64,4096,0.0046365321
62697372,3,batch,f64,4096,0.00444855173
62697372,4,batch,f64,4096,0.00462434917
62697372,5,batch,f64,4096,0.00432759982
62697372,6,batch,f64,4096,0.00431643818
62697372,7,batch,f64,4096,0.00457468295
62697372,8,batch,f64,4096,0.00449342464
62697372,9,batch,f64,4096,0.00439801109
62697372,10,batch,f64,4096,0.00467109877
62697372,11,batch,f64,4096,0.0047269568
62697382,0,batch,f64,8192,0.010198895
62697382,1,batch,f64,8192,0.0101999062
62697382,2,batch,f64,8192,0.0100511259
62697382,3,batch,f64,8192,0.0098997433
62697382,4,batch,f64,8192,0.0102539361
62697382,5,batch,f64,8192,0.0103148331
62697382,6,batch,f64,8192,0.0102738799
62697382,7,batch,f64,8192,0.010280599
62697382,8,batch,f64,8192,0.0101626854
62697382,9,batch,f64,8192,0.010031992
62697382,10,batch,f64,8192,0.0104121383
62697382,11,batch,f64,8192,0.0103435373
62697384,0,batch,f64,16384,0.0165531722
62697384,1,batch,f64,16384,0.0161149097
62697384,2,batch,f64,16384,0.0162939395
62697384,3,batch,f64,16384,0.016100123
62697384,4,batch,f64,16384,0.0178579862
62697384,5,batch,f64,16384,0.0166197073
62697384,6,batch,f64,16384,0.01683206
62697384,7,batch,f64,16384,0.0166317465
62697384,8,batch,f64,16384,0.017435401
62697384,9,batch,f64,16384,0.0184735957
62697384,10,batch,f64,16384,0.0169856615
62697384,11,batch,f64,16384,0.0167983535
62697392,0,batch,f64,32768,0.037918935
62697392,1,batch,f64,32768,0.0385769525
62697392,2,batch,f64,32768,0.037276546
62697392,3,batch,f64,32768,0.037329581
62697392,4,batch,f64,32768,0.0377248125
62697392,5,batch,f64,32768,0.032364697
62697392,6,batch,f64,32768,0.0291357805
62697392,7,batch,f64,32768,0.0292047655
62697392,8,batch,f64,32768,0.0293260207
62697392,9,batch,f64,32768,0.0290795385
62697392,10,batch,f64,32768,0.026619988
62697392,11,batch,f64,32768,0.0291394255
62697395,0,batch,f64,65536,0.057975006
62697395,1,batch,f64,65536,0.058311645
62697395,2,batch,f64,65536,0.057557747
62697395,3,batch,f64,65536,0.058522113
62697395,4,batch,f64,65536,0.056455338
62697395,5,batch,f64,65536,0.056911742
62697395,6,batch,f64,65536,0.057385824
62697395,7,batch,f64,65536,0.058543629
62697395,8,batch,f64,65536,0.05790191
62697395,9,batch,f64,65536,0.058158127
62697395,10,batch,f64,65536,0.058467538
62697395,11,batch,f64,65536,0.056669431
62697405,0,batch,f64,131072,0.117675251
62697405,1,batch,f64,131072,0.116737211
62697405,2,batch,f64,131072,0.116332761
62697405,3,batch,f64,131072,0.117500997
62697405,4,batch,f64,131072,0.116473577
62697405,5,batch,f64,131072,0.117609334
62697405,6,batch,f64,131072,0.116726897
62697405,7,batch,f64,131072,0.117941705
62697405,8,batch,f64,131072,0.11754349
62697405,9,batch,f64,131072,0.116903454
62697405,10,batch,f64,131072,0.118046093
62697405,11,batch,f64,131072,0.118279768
62697409,0,batch,f64,262144,0.196896957
62697409,1,batch,f64,262144,0.196869286
62697409,2,batch,f64,262144,0.196661131
62697409,3,batch,f64,262144,0.18385143
62697409,4,batch,f64,262144,0.183302278
62697409,5,batch,f64,262144,0.178392208
62697409,6,batch,f64,262144,0.196375073
62697409,7,batch,f64,262144,0.192435913
62697409,8,batch,f64,262144,0.196155982
62697409,9,batch,f64,262144,0.183744558
62697409,10,batch,f64,262144,0.195590788
62697409,11,batch,f64,262144,0.194356276
62697416,0,batch,f64,524288,0.341699168
62697416,1,batch,f64,524288,0.341643581
62697416,2,batch,f64,524288,0.341586993
62697416,3,batch,f64,524288,0.328892922
62697416,4,batch,f64,524288,0.342296007
62697416,5,batch,f64,524288,0.343251604
62697416,6,batch,f64,524288,0.342372512
62697416,7,batch,f64,524288,0.329815471
62697416,8,batch,f64,524288,0.343019711
62697416,9,batch,f64,524288,0.343162342
62697416,10,batch,f64,524288,0.342272802
62697416,11,batch,f64,524288,0.339674114
62697423,0,batch,f64,1048576,0.627595371
62697423,1,batch,f64,1048576,0.627966785
62697423,2,batch,f64,1048576,0.629555637
62697423,3,batch,f64,1048576,0.623043141
62697423,4,batch,f64,1048576,0.628350607
62697423,5,batch,f64,1048576,0.628956662
62697423,6,batch,f64,1048576,0.627734
62697423,7,batch,f64,1048576,0.624958901
62697423,8,batch,f64,1048576,0.629244852
62697423,9,batch,f64,1048576,0.629359412
62697423,10,batch,f64,1048576,0.62734835
62697423,11,batch,f64,1048576,0.628874581
62697437,0,batch,f64,2097152,1.19466377
62697441,0,batch,f64,4194304,2.32096129
62697458,0,batch,f64,8388608,4.53109712
62697466,0,batch,f64,16777216,8.91683552
62697487,0,dim,f64,1,8.19134161e-05
62697487,1,dim,f64,1,8.21479889e-05
62697487,2,dim,f64,1,8.2002907e-05
62697487,3,dim,f64,1,8.17744439e-05
62697487,4,dim,f64,1,8.18559248e-05
62697487,5,dim,f64,1,8.21848584e-05
62697487,6,dim,f64,1,8.20072519e-05
62697487,7,dim,f64,1,8.19655017e-05
62697487,8,dim,f64,1,8.19474593e-05
62697487,9,dim,f64,1,8.17108954e-05
62697487,10,dim,f64,1,8.17065773e-05
62697487,11,dim,f64,1,8.15227416e-05
62697491,0,dim,f64,2,9.57262729e-05
62697491,1,dim,f64,2,9.59367639e-05
62697491,2,dim,f64,2,9.66214768e-05
62697491,3,dim,f64,2,9.66730447e-05
62697491,4,dim,f64,2,9.87825471e-05
62697491,5,dim,f64,2,9.67274476e-05
62697491,6,dim,f64,2,9.6168e-05
62697491,7,dim,f64,2,9.62086795e-05
62697491,8,dim,f64,2,9.64521865e-05
62697491,9,dim,f64,2,9.64318587e-05
62697491,10,dim,f64,2,9.6134759e-05
62697491,11,dim,f64,2,9.62251306e-05
62697498,0,dim,f64,4,0.000239073737
62697498,1,dim,f64,4,0.000160257281
62697498,2,dim,f64,4,0.000192744656
62697498,3,dim,f64,4,0.000182433153
62697498,4,dim,f64,4,0.000177268246
62697498,5,dim,f64,4,0.000180085841
62697498,6,dim,f64,4,0.000160623399
62697498,7,dim,f64,4,0.000183890252
62697498,8,dim,f64,4,0.000180463508
62697498,9,dim,f64,4,0.00019012455
62697498,10,dim,f64,4,0.000190771256
62697498,11,dim,f64,4,0.00018862715
62697504,0,dim,f64,8,0.00044742517
62697504,1,dim,f64,8,0.000447004412
62697504,2,dim,f64,8,0.000446019539
62697504,3,dim,f64,8,0.000445081971
62697504,4,dim,f64,8,0.000443056517
62697504,5,dim,f64,8,0.000444050222
62697504,6,dim,f64,8,0.000442640739
62697504,7,dim,f64,8,0.000442893486
62697504,8,dim,f64,8,0.000447444692
62697504,9,dim,f64,8,0.000445105643
62697504,10,dim,f64,8,0.00044547611
62697504,11,dim,f64,8,0.00044340533
62697513,0,dim,f64,16,0.000574946171
62697513,1,dim,f64,16,0.000577935525
62697513,2,dim,f64,16,0.000578378105
62697513,3,dim,f64,16,0.000577699388
62697513,4,dim,f64,16,0.000581119437
62697513,5,dim,f64,16,0.000581736861
62697513,6,dim,f64,16,0.000581044907
62697513,7,dim,f64,16,0.000578754173
62697513,8,dim,f64,16,0.000581218631
62697513,9,dim,f64,16,0.00058022426
62697513,10,dim,f64,16,0.000579170222
62697513,11,dim,f64,16,0.000581118877
62697518,0,dim,f64,32,0.00152945555
62697518,1,dim,f64,32,0.00153679198
62697518,2,dim,f64,32,0.00152678977
62697518,3,dim,f64,32,0.0015343701
62697518,4,dim,f64,32,0.00152250353
62697518,5,dim,f64,32,0.00151576155
62697518,6,dim,f64,32,0.00152292724
62697518,7,dim,f64,32,0.00154020348
62697518,8,dim,f64,32,0.00152435183
62697518,9,dim,f64,32,0.00154842047
62697518,10,dim,f64,32,0.0015430046
62697518,11,dim,f64,32,0.00152947671
62697526,0,dim,f64,64,0.00159559587
62697526,1,dim,f64,64,0.00157584009
62697526,2,dim,f64,64,0.00158859352
62697526,3,dim,f64,64,0.00153566296
62697526,4,dim,f64,64,0.00159829807
62697526,5,dim,f64,64,0.001591518
62697526,6,dim,f64,64,0.00153881118
62697526,7,dim,f64,64,0.00157030425
62697526,8,dim,f64,64,0.00157861052
62697526,9,dim,f64,64,0.00158459495
62697526,10,dim,f64,64,0.00154718829
62697526,11,dim,f64,64,0.00156855207
62697529,0,dim,f64,128,0.00314077587
62697529,1,dim,f64,128,0.00312841383
62697529,2,dim,f64,128,0.0031301224
62697529,3,dim,f64,128,0.00312521693
62697529,4,dim,f64,128,0.00312645317
62697529,5,dim,f64,128,0.00312357337
62697529,6,dim,f64,128,0.0031241633
62697529,7,dim,f64,128,0.00312228973
62697529,8,dim,f64,128,0.00312965857
62697529,9,dim,f64,128,0.00312798297
62697529,10,dim,f64,128,0.0031352087
62697529,11,dim,f64,128,0.0031237446
62697534,0,dim,f64,256,0.00589144463
62697534,1,dim,f64,256,0.00589164619
62697534,2,dim,f64,256,0.00588850044
62697534,3,dim,f64,256,0.00590496481
62697534,4,dim,f64,256,0.00588484456
62697534,5,dim,f64,256,0.00591580569
62697534,6,dim,f64,256,0.00590932513
62697534,7,dim,f64,256,0.00589611437
62697534,8,dim,f64,256,0.0059192485
62697534,9,dim,f64,256,0.00590746525
62697534,10,dim,f64,256,0.0059013795
62697534,11,dim,f64,256,0.00591783925
62697540,0,dim,f64,512,0.011340964
62697540,1,dim,f64,512,0.011326678
62697540,2,dim,f64,512,0.0113313055
62697540,3,dim,f64,512,0.0113054592
62697540,4,dim,f64,512,0.0113409616
62697540,5,dim,f64,512,0.0113339265
62697540,6,dim,f64,512,0.0113178111
62697540,7,dim,f64,512,0.0113456579
62697540,8,dim,f64,512,0.0113434585
62697540,9,dim,f64,512,0.0113061902
62697540,10,dim,f64,512,0.0113565565
62697540,11,dim,f64,512,0.0113527035
62697553,0,dim,f64,1024,0.020716659
62697553,1,dim,f64,1024,0.0208486258
62697553,2,dim,f64,1024,0.0208099828
62697553,3,dim,f64,1024,0.0207883177
62697553,4,dim,f64,1024,0.02070904
62697553,5,dim,f64,1024,0.0207825382
62697553,6,dim,f64,1024,0.0207221295
62697553,7,dim,f64,1024,0.0207376363
62697553,8,dim,f64,1024,0.0208844995
62697553,9,dim,f64,1024,0.0207483818
62697553,10,dim,f64,1024,0.0208693957
62697553,11,dim,f64,1024,0.0205652905
62697555,0,dim,f64,2048,0.0314921785
62697555,1,dim,f64,2048,0.032054659
62697555,2,dim,f64,2048,0.031395398
62697555,3,dim,f64,2048,0.031417385
62697555,4,dim,f64,2048,0.032554287
62697555,5,dim,f64,2048,0.03238587
62697555,6,dim,f64,2048,0.031493162
62697555,7,dim,f64,2048,0.0311061305
62697555,8,dim,f64,2048,0.032294813
62697555,9,dim,f64,2048,0.0318411255
62697555,10,dim,f64,2048,0.031968531
62697555,11,dim,f64,2048,0.0315259185
62697557,0,dim,f64,4096,0.061130862
62697557,1,dim,f64,4096,0.058720246
62697557,2,dim,f64,4096,0.062228653
62697557,3,dim,f64,4096,0.0624822
62697557,4,dim,f64,4096,0.0609315
62697557,5,dim,f64,4096,0.061941159
62697557,6,dim,f64,4096,0.061889323
62697557,7,dim,f64,4096,0.062070431
62697557,8,dim,f64,4096,0.060951435
62697557,9,dim,f64,4096,0.061876331
62697557,10,dim,f64,4096,0.062109676
62697557,11,dim,f64,4096,0.061348255
62697558,0,dim,f64,8192,0.09899487
62697558,1,dim,f64,8192,0.099533113
62697558,2,dim,f64,8192,0.101268472
62697558,3,dim,f64,8192,0.101226778
62697558,4,dim,f64,8192,0.10150973
62697558,5,dim,f64,8192,0.101240176
62697558,6,dim,f64,8192,0.099831486
62697558,7,dim,f64,8192,0.100600129
62697558,8,dim,f64,8192,0.100918831
62697558,9,dim,f64,8192,0.099337262
62697558,10,dim,f64,8192,0.099927242
62697558,11,dim,f64,8192,0.101139674
62697568,0,dim,f64,16384,0.168332842
62697568,1,dim,f64,16384,0.167223335
62697568,2,dim,f64,16384,0.166823207
62697568,3,dim,f64,16384,0.167904405
62697568,4,dim,f64,16384,0.167406875
62697568,5,dim,f64,16384,0.169579121
62697568,6,dim,f64,16384,0.16709193
62697568,7,dim,f64,16384,0.166866934
62697568,8,dim,f64,16384,0.16952974
62697568,9,dim,f64,16384,0.167806354
62697568,10,dim,f64,16384,0.167374076
62697568,11,dim,f64,16384,0.167260033
62697574,0,dim,f64,32768,0.330281678
62697574,1,dim,f64,32768,0.332229835
62697574,2,dim,f64,32768,0.330992722
62697574,3,dim,f64,32768,0.330805599
62697574,4,dim,f64,32768,0.33228983
62697574,5,dim,f64,32768,0.332075232
62697574,6,dim,f64,32768,0.332257782
62697574,7,dim,f64,32768,0.331849299
62697574,8,dim,f64,32768,0.329935386
62697574,9,dim,f64,32768,0.331017036
62697574,10,dim,f64,32768,0.330916194
62697574,11,dim,f64,32768,0.332226438
62697591,0,dim,f64,65536,0.609087295
62697591,1,dim,f64,65536,0.608042501
62697591,2,dim,f64,65536,0.61004886
62697591,3,dim,f64,65536,0.612101483
62697591,4,dim,f64,65536,0.609018181
62697591,5,dim,f64,65536,0.606857418
62697591,6,dim,f64,65536,0.610552835
62697591,7,dim,f64,65536,0.609637339
62697591,8,dim,f64,65536,0.605119625
62697591,9,dim,f64,65536,0.607626148
62697591,10,dim,f64,65536,0.608626101
62697591,11,dim,f64,65536,0.610428901
62697607,0,dim,f64,131072,1.15440064
62697610,0,dim,f64,262144,2.255454
62697618,0,dim,f64,524288,4.14546348
62697637,0,dim,f64,1048576,7.91131603
62718707,0,dim,f64,2097152,15.5605683
