run,repeat,sweep,dtype,size,seconds
62700885,0,batch,f64,2,0.00436624446
62700885,1,batch,f64,2,0.00383732385
62700885,2,batch,f64,2,0.00436768586
62700885,3,batch,f64,2,0.00456198205
62700885,4,batch,f64,2,0.0049406976
62700885,5,batch,f64,2,0.00408212321
62700885,6,batch,f64,2,0.0045784256
62700885,7,batch,f64,2,0.0048218878
62700885,8,batch,f64,2,0.00435188
62700885,9,batch,f64,2,0.003889137
62700885,10,batch,f64,2,0.00441980982
62700885,11,batch,f64,2,0.00410593612
62700884,0,batch,f64,1,0.00377257935
62700884,1,batch,f64,1,0.00476850665
62700884,2,batch,f64,1,0.00444530768
62700884,3,batch,f64,1,0.00403292825
62700884,4,batch,f64,1,0.0044697415
62700884,5,batch,f64,1,0.00474086125
62700884,6,batch,f64,1,0.00426134736
62700884,7,batch,f64,1,0.00399980683
62700884,8,batch,f64,1,0.00408275012
62700884,9,batch,f64,1,0.0042713525
62700884,10,batch,f64,1,0.00374528285
62700884,11,batch,f64,1,0.00403637587
62700889,0,batch,f64,8,0.0071267525
62700889,1,batch,f64,8,0.00583392956
62700889,2,batch,f64,8,0.00546724172
62700889,3,batch,f64,8,0.00615627862
62700889,4,batch,f64,8,0.00615247613
62700889,5,batch,f64,8,0.00621155863
62700889,6,batch,f64,8,0.00610992669
62700889,7,batch,f64,8,0.00577011525
62700889,8,batch,f64,8,0.00520199439
62700889,9,batch,f64,8,0.00606412856
62700889,10,batch,f64,8,0.00634114657
62700889,11,batch,f64,8,0.00612708406
62700888,0,batch,f64,4,0.00521235011
62700888,1,batch,f64,4,0.00521409644
62700888,2,batch,f64,4,0.00437738941
62700888,3,batch,f64,4,0.0051427905
62700888,4,batch,f64,4,0.00487570315
62700888,5,batch,f64,4,0.00528318117
62700888,6,batch,f64,4,0.005229185
62700888,7,batch,f64,4,0.00514608033
62700888,8,batch,f64,4,0.00590677862
62700888,9,batch,f64,4,0.00494512228
62700888,10,batch,f64,4,0.00571135162
62700888,11,batch,f64,4,0.00580043613
62700892,0,batch,f64,16,0.00666438886
62700892,1,batch,f64,16,0.00620974393
62700892,2,batch,f64,16,0.00688703143
62700892,3,batch,f64,16,0.00629248829
62700892,4,batch,f64,16,0.00632058228
62700892,5,batch,f64,16,0.00669680557
62700892,6,batch,f64,16,0.00649904643
62700892,7,batch,f64,16,0.00659593743
62700892,8,batch,f64,16,0.0066994735
62700892,9,batch,f64,16,0.00718736475
62700892,10,batch,f64,16,0.00703641457
62700892,11,batch,f64,16,0.00598859262
62700893,0,batch,f64,32,0.007207228
62700893,1,batch,f64,32,0.00723364967
62700893,2,batch,f64,32,0.00660581543
62700893,3,batch,f64,32,0.00833203492
62700893,4,batch,f64,32,0.00641439786
62700893,5,batch,f64,32,0.007220248
62700893,6,batch,f64,32,0.00672294343
62700893,7,batch,f64,32,0.00711695736
62700893,8,batch,f64,32,0.00759336075
62700893,9,batch,f64,32,0.00685886014
62700893,10,batch,f64,32,0.00640427078
62700893,11,batch,f64,32,0.00662211029
62700900,0,batch,f64,64,0.0088845547
62700900,1,batch,f64,64,0.0081603413
62700900,2,batch,f64,64,0.00815381225
62700900,3,batch,f64,64,0.0078098225
62700900,4,batch,f64,64,0.00805139192
62700900,5,batch,f64,64,0.00800089908
62700900,6,batch,f64,64,0.00770728417
62700900,7,batch,f64,64,0.0081473935
62700900,8,batch,f64,64,0.00785287692
62700900,9,batch,f64,64,0.00784496583
62700900,10,batch,f64,64,0.0074235375
62700900,11,batch,f64,64,0.0083466878
62700948,0,batch,f64,1024,0.0191796337
62700948,1,batch,f64,1024,0.0183289308
62700948,2,batch,f64,1024,0.0199054955
62700948,3,batch,f64,1024,0.0190481525
62700948,4,batch,f64,1024,0.0211189337
62700948,5,batch,f64,1024,0.0175737435
62700948,6,batch,f64,1024,0.0190052185
62700948,7,batch,f64,1024,0.018161357
62700948,8,batch,f64,1024,0.018401642
62700948,9,batch,f64,1024,0.018965133
62700948,10,batch,f64,1024,0.0220625393
62700948,11,batch,f64,1024,0.0192447655
62700947,0,batch,f64,512,0.0137382153
62700947,1,batch,f64,512,0.0144703323
62700947,2,batch,f64,512,0.0123407075
62700947,3,batch,f64,512,0.0133958723
62700947,4,batch,f64,512,0.0133053688
62700947,5,batch,f64,512,0.0134956257
62700947,6,batch,f64,512,0.0127822058
62700947,7,batch,f64,512,0.0132612203
62700947,8,batch,f64,512,0.0134825773
62700947,9,batch,f64,512,0.012856775
62700947,10,batch,f64,512,0.0138638712
62700947,11,batch,f64,512,0.0123725796
62700946,0,batch,f64,256,0.0096604882
62700946,1,batch,f64,256,0.0109085114
62700946,2,batch,f64,256,0.0105650635
62700946,3,batch,f64,256,0.010217098
62700946,4,batch,f64,256,0.0102288424
62700946,5,batch,f64,256,0.0098730683
62700946,6,batch,f64,256,0.0123207089
62700946,7,batch,f64,256,0.0098311676
62700946,8,batch,f64,256,0.0114848883
62700946,9,batch,f64,256,0.01183334
62700946,10,batch,f64,256,0.0101541209
62700946,11,batch,f64,256,0.011129092
62700945,0,batch,f64,128,0.0086858355
62700945,1,batch,f64,128,0.0088687863
62700945,2,batch,f64,128,0.0083699277
62700945,3,batch,f64,128,0.010089442
62700945,4,batch,f64,128,0.0083922214
62700945,5,batch,f64,128,0.0086112183
62700945,6,batch,f64,128,0.0084167577
62700945,7,batch,f64,128,0.0088086121
62700945,8,batch,f64,128,0.0083953817
62700945,9,batch,f64,128,0.0088194401
62700945,10,batch,f64,128,0.008784739
62700945,11,batch,f64,128,0.0084319366
62700951,0,batch,f64,2048,0.03598244
62700951,1,batch,f64,2048,0.032090411
62700951,2,batch,f64,2048,0.0336312505
62700951,3,batch,f64,2048,0.0349136385
62700951,4,batch,f64,2048,0.0374860935
62700951,5,batch,f64,2048,0.0347100155
62700951,6,batch,f64,2048,0.03226996
62700951,7,batch,f64,2048,0.0299504545
62700951,8,batch,f64,2048,0.032269163
62700951,9,batch,f64,2048,0.0359781745
62700951,10,batch,f64,2048,0.031427772
62700951,11,batch,f64,2048,0.031203143
62700960,0,batch,f64,4096,0.07129614
62700960,1,batch,f64,4096,0.068593975
62700960,2,batch,f64,4096,0.068747801
62700960,3,batch,f64,4096,0.071511146
62700960,4,batch,f64,4096,0.074050433
62700960,5,batch,f64,4096,0.08417614
62700960,6,batch,f64,4096,0.074038057
62700960,7,batch,f64,4096,0.068728988
62700960,8,batch,f64,4096,0.068769329
62700960,9,batch,f64,4096,0.068731256
62700960,10,batch,f64,4096,0.071361472
62700960,11,batch,f64,4096,0.071249282
62700961,0,batch,f64,8192,0.168213472
62700961,1,batch,f64,8192,0.156706698
62700961,2,batch,f64,8192,0.162262959
62700961,3,batch,f64,8192,0.156957938
62700961,4,batch,f64,8192,0.167997874
62700961,5,batch,f64,8192,0.162310614
62700961,6,batch,f64,8192,0.156508457
62700961,7,batch,f64,8192,0.161927664
62700961,8,batch,f64,8192,0.145873967
62700961,9,batch,f64,8192,0.162998295
62700961,10,batch,f64,8192,0.161947226
62700961,11,batch,f64,8192,0.145280373
62700962,0,batch,f64,16384,0.353508203
62700962,1,batch,f64,16384,0.330159198
62700962,2,batch,f64,16384,0.342160211
62700962,3,batch,f64,16384,0.331229082
62700962,4,batch,f64,16384,0.342471987
62700962,5,batch,f64,16384,0.332366577
62700962,6,batch,f64,16384,0.331264567
62700962,7,batch,f64,16384,0.320792236
62700962,8,batch,f64,16384,0.331472024
62700962,9,batch,f64,16384,0.365631408
62700962,10,batch,f64,16384,0.342610936
62700962,11,batch,f64,16384,0.344060358
62700963,0,batch,f64,32768,0.750183277
62700963,1,batch,f64,32768,0.774709373
62700963,2,batch,f64,32768,0.754137455
62700963,3,batch,f64,32768,0.75304685
62700963,4,batch,f64,32768,0.727513515
62700963,5,batch,f64,32768,0.700386307
62700963,6,batch,f64,32768,0.776467383
62700963,7,batch,f64,32768,0.703747565
62700963,8,batch,f64,32768,0.726300469
62700963,9,batch,f64,32768,0.68131493
62700963,10,batch,f64,32768,0.702658304
62700963,11,batch,f64,32768,0.777019991
62700976,0,batch,f64,524288,13.7799043
62700964,0,batch,f64,65536,1.54820263
62700964,1,batch,f64,65536,1.54866304
62700964,2,batch,f64,65536,1.64781262
62700964,3,batch,f64,65536,1.54922343
62700964,4,batch,f64,65536,1.75537457
62700964,5,batch,f64,65536,1.64905338
62700964,6,batch,f64,65536,1.49038943
62700964,7,batch,f64,65536,1.54497537
62700964,8,batch,f64,65536,1.53904006
62700964,9,batch,f64,65536,1.69177263
62700964,10,batch,f64,65536,1.64382155
62700964,11,batch,f64,65536,1.49588996
62729616,0,batch,f32,1,0.00257491962
62729616,1,batch,f32,1,0.00297782475
62729616,2,batch,f32,1,0.00289087035
62729616,3,batch,f32,1,0.0027484783
62729616,4,batch,f32,1,0.00293904559
62729616,5,batch,f32,1,0.00340061107
62729616,6,batch,f32,1,0.00277511067
62729616,7,batch,f32,1,0.00228886538
62729616,8,batch,f32,1,0.00278711888
62729616,9,batch,f32,1,0.00273866569
62729616,10,batch,f32,1,0.0025149763
62729616,11,batch,f32,1,0.00252522037
62729628,0,batch,f32,2,0.00257609811
62729628,1,batch,f32,2,0.00208980396
62729628,2,batch,f32,2,0.0025499449
62729628,3,batch,f32,2,0.00265727586
62729628,4,batch,f32,2,0.00308484003
62729628,5,batch,f32,2,0.0024979435
62729628,6,batch,f32,2,0.00248716967
62729628,7,batch,f32,2,0.00268716044
62729628,8,batch,f32,2,0.00232320007
62729628,9,batch,f32,2,0.00210349646
62729628,10,batch,f32,2,0.00253870108
62729628,11,batch,f32,2,0.00248963955
62729635,0,batch,f32,4,0.0027926685
62729635,1,batch,f32,4,0.00265468503
62729635,2,batch,f32,4,0.00235176152
62729635,3,batch,f32,4,0.00252027411
62729635,4,batch,f32,4,0.00267297961
62729635,5,batch,f32,4,0.00259949264
62729635,6,batch,f32,4,0.00262719597
62729635,7,batch,f32,4,0.00269350123
62729635,8,batch,f32,4,0.00340035562
62729635,9,batch,f32,4,0.00252210029
62729635,10,batch,f32,4,0.00309570441
62729635,11,batch,f32,4,0.00316816918
62729641,0,batch,f32,8,0.00377705454
62729641,1,batch,f32,8,0.00317809217
62729641,2,batch,f32,8,0.00267081609
62729641,3,batch,f32,8,0.00314373364
62729641,4,batch,f32,8,0.00308702963
62729641,5,batch,f32,8,0.00322503217
62729641,6,batch,f32,8,0.00291407191
62729641,7,batch,f32,8,0.00283582203
62729641,8,batch,f32,8,0.00256846324
62729641,9,batch,f32,8,0.00290615269
62729641,10,batch,f32,8,0.00334740479
62729641,11,batch,f32,8,0.00288605206
62729648,0,batch,f32,16,0.00346044168
62729648,1,batch,f32,16,0.00339596239
62729648,2,batch,f32,16,0.00389104504
62729648,3,batch,f32,16,0.00338006268
62729648,4,batch,f32,16,0.0032310175
62729648,5,batch,f32,16,0.00356984
62729648,6,batch,f32,16,0.00339873496
62729648,7,batch,f32,16,0.003504151
62729648,8,batch,f32,16,0.00346327293
62729648,9,batch,f32,16,0.00383194088
62729648,10,batch,f32,16,0.00359626696
62729648,11,batch,f32,16,0.00297299272
62729649,0,batch,f32,32,0.00400062571
62729649,1,batch,f32,32,0.00414676479
62729649,2,batch,f32,32,0.00345345839
62729649,3,batch,f32,32,0.00438828227
62729649,4,batch,f32,32,0.00361665071
62729649,5,batch,f32,32,0.00394009029
62729649,6,batch,f32,32,0.00378670454
62729649,7,batch,f32,32,0.00361706479
62729649,8,batch,f32,32,0.00412524913
62729649,9,batch,f32,32,0.00404143883
62729649,10,batch,f32,32,0.00361908757
62729649,11,batch,f32,32,0.00363591464
62729651,0,batch,f32,64,0.00438423668
62729651,1,batch,f32,64,0.00431165086
62729651,2,batch,f32,64,0.00423332259
62729651,3,batch,f32,64,0.00419261241
62729651,4,batch,f32,64,0.00440402645
62729651,5,batch,f32,64,0.00429533146
62729651,6,batch,f32,64,0.00378536435
62729651,7,batch,f32,64,0.00433923791
62729651,8,batch,f32,64,0.00407243725
62729651,9,batch,f32,64,0.00427103941
62729651,10,batch,f32,64,0.00412353567
62729651,11,batch,f32,64,0.00457542405
62729663,0,batch,f32,128,0.00431535568
62729663,1,batch,f32,128,0.0046522863
62729663,2,batch,f32,128,0.00437271195
62729663,3,batch,f32,128,0.00517874544
62729663,4,batch,f32,128,0.00420029477
62729663,5,batch,f32,128,0.00430448018
62729663,6,batch,f32,128,0.00428603545
62729663,7,batch,f32,128,0.00446552423
62729663,8,batch,f32,128,0.00444163805
62729663,9,batch,f32,128,0.00481958865
62729663,10,batch,f32,128,0.004660194
62729663,11,batch,f32,128,0.00402790271
62729677,0,batch,f32,256,0.00463306591
62729677,1,batch,f32,256,0.00504304739
62729677,2,batch,f32,256,0.0050383474
62729677,3,batch,f32,256,0.00462533945
62729677,4,batch,f32,256,0.00464281115
62729677,5,batch,f32,256,0.00469628435
62729677,6,batch,f32,256,0.00584340175
62729677,7,batch,f32,256,0.00480778945
62729677,8,batch,f32,256,0.00599238975
62729677,9,batch,f32,256,0.0054539385
62729677,10,batch,f32,256,0.00493225295
62729677,11,batch,f32,256,0.00537877789
62729683,0,batch,f32,512,0.00549909106
62729683,1,batch,f32,512,0.00647562057
62729683,2,batch,f32,512,0.005321135
62729683,3,batch,f32,512,0.00530535144
62729683,4,batch,f32,512,0.005394864
62729683,5,batch,f32,512,0.00581727706
62729683,6,batch,f32,512,0.0054000655
62729683,7,batch,f32,512,0.0057556625
62729683,8,batch,f32,512,0.00550087017
62729683,9,batch,f32,512,0.00567538969
62729683,10,batch,f32,512,0.00667887164
62729683,11,batch,f32,512,0.00520279822
62729688,0,batch,f32,1024,0.00590558925
62729688,1,batch,f32,1024,0.00596951806
62729688,2,batch,f32,1024,0.00612485669
62729688,3,batch,f32,1024,0.00615459144
62729688,4,batch,f32,1024,0.00648274742
62729688,5,batch,f32,1024,0.00579228094
62729688,6,batch,f32,1024,0.00629913607
62729688,7,batch,f32,1024,0.00606713331
62729688,8,batch,f32,1024,0.00574323294
62729688,9,batch,f32,1024,0.00607635231
62729688,10,batch,f32,1024,0.0069831485
62729688,11,batch,f32,1024,0.00623983693
62729702,0,batch,f32,2048,0.00800126825
62729702,1,batch,f32,2048,0.00737382708
62729702,2,batch,f32,2048,0.007465294
62729702,3,batch,f32,2048,0.0084650852
62729702,4,batch,f32,2048,0.00799992983
62729702,5,batch,f32,2048,0.00813821225
62729702,6,batch,f32,2048,0.0080484285
62729702,7,batch,f32,2048,0.007457365
62729702,8,batch,f32,2048,0.00765421317
62729702,9,batch,f32,2048,0.00814291592
62729702,10,batch,f32,2048,0.0089538272
62729702,11,batch,f32,2048,0.00749081859
62729714,0,batch,f32,4096,0.0118359645
62729714,1,batch,f32,4096,0.0114468666
62729714,2,batch,f32,4096,0.0117667568
62729714,3,batch,f32,4096,0.012073957
62729714,4,batch,f32,4096,0.0144474633
62729714,5,batch,f32,4096,0.0129455672
62729714,6,batch,f32,4096,0.0113461005
62729714,7,batch,f32,4096,0.01142903
62729714,8,batch,f32,4096,0.0117421959
62729714,9,batch,f32,4096,0.0113314053
62729714,10,batch,f32,4096,0.0113483579
62729714,11,batch,f32,4096,0.0123159845
62729824,0,batch,f32,8192,0.030968668
62729824,1,batch,f32,8192,0.023780883
62729824,2,batch,f32,8192,0.0241694975
62729824,3,batch,f32,8192,0.0274164345
62729824,4,batch,f32,8192,0.026529242
62729824,5,batch,f32,8192,0.0284380995
62729824,6,batch,f32,8192,0.0238905252
62729824,7,batch,f32,8192,0.026145789
62729824,8,batch,f32,8192,0.0255437805
62729824,9,batch,f32,8192,0.025428469
62729824,10,batch,f32,8192,0.027583231
62729824,11,batch,f32,8192,0.025976277
62729972,0,batch,f32,16384,0.069681139
62729972,1,batch,f32,16384,0.066645759
62729972,2,batch,f32,16384,0.066988666
62729972,3,batch,f32,16384,0.075487843
62729972,4,batch,f32,16384,0.072956664
62729972,5,batch,f32,16384,0.067315438
62729972,6,batch,f32,16384,0.072698088
62729972,7,batch,f32,16384,0.064757536
62729972,8,batch,f32,16384,0.066762304
62729972,9,batch,f32,16384,0.072605888
62729972,10,batch,f32,16384,0.067557035
62729972,11,batch,f32,16384,0.070318928
62729979,0,batch,f32,32768,0.174100196
62729979,1,batch,f32,32768,0.179030747
62729979,2,batch,f32,32768,0.167046363
62729979,3,batch,f32,32768,0.172434674
62729979,4,batch,f32,32768,0.178883672
62729979,5,batch,f32,32768,0.171318529
62729979,6,batch,f32,32768,0.179019077
62729979,7,batch,f32,32768,0.172131087
62729979,8,batch,f32,32768,0.165036833
62729979,9,batch,f32,32768,0.164811022
62729979,10,batch,f32,32768,0.160980986
62729979,11,batch,f32,32768,0.181424711
62729988,0,batch,f32,65536,0.371398682
62729988,1,batch,f32,65536,0.384571019
62729988,2,batch,f32,65536,0.402733935
62729988,3,batch,f32,65536,0.38821356
62729988,4,batch,f32,65536,0.373915299
62729988,5,batch,f32,65536,0.374387796
62729988,6,batch,f32,65536,0.370546974
62729988,7,batch,f32,65536,0.372303732
62729988,8,batch,f32,65536,0.413769237
62729988,9,batch,f32,65536,0.384412053
62729988,10,batch,f32,65536,0.400161698
62729988,11,batch,f32,65536,0.358529125
62730008,0,batch,f32,131072,0.939034272
62730008,1,batch,f32,131072,0.906113979
62730008,2,batch,f32,131072,0.852103857
62730008,3,batch,f32,131072,0.855845891
62730008,4,batch,f32,131072,0.995042743
62730008,5,batch,f32,131072,0.882644544
62730008,6,batch,f32,131072,0.962163695
62730008,7,batch,f32,131072,0.826367944
62730008,8,batch,f32,131072,0.927254684
62730008,9,batch,f32,131072,0.957064772
62730008,10,batch,f32,131072,0.88743877
62730008,11,batch,f32,131072,0.898131792
62730036,0,batch,f32,262144,1.76631215
62730036,1,batch,f32,262144,1.91235101
62730036,2,batch,f32,262144,1.83686905
62730036,3,batch,f32,262144,1.84336769
62730036,4,batch,f32,262144,1.82530071
62730036,5,batch,f32,262144,1.84452602
62730036,6,batch,f32,262144,1.82154239
62730036,7,batch,f32,262144,1.76732654
62730036,8,batch,f32,262144,1.90275804
62730036,9,batch,f32,262144,1.88637394
62730036,10,batch,f32,262144,1.8845656
62730036,11,batch,f32,262144,1.90658586
62745511,0,dim,f32,1,0.00303905345
62745511,1,dim,f32,1,0.00293703635
62745511,2,dim,f32,1,0.00310785762
62745511,3,dim,f32,1,0.00305992591
62745511,4,dim,f32,1,0.00293311344
62745511,5,dim,f32,1,0.00293610547
62745511,6,dim,f32,1,0.00302118553
62745511,7,dim,f32,1,0.0032441122
62745511,8,dim,f32,1,0.00292096112
62745511,9,dim,f32,1,0.00294604565
62745511,10,dim,f32,1,0.00293467256
62745511,11,dim,f32,1,0.00258859968
62745512,0,dim,f32,2,0.0080427689
62745512,1,dim,f32,2,0.0088727719
62745512,2,dim,f32,2,0.0087539581
62745512,3,dim,f32,2,0.0089157612
62745512,4,dim,f32,2,0.0085202201
62745512,5,dim,f32,2,0.00813531259
62745512,6,dim,f32,2,0.0086461221
62745512,7,dim,f32,2,0.0105910312
62745512,8,dim,f32,2,0.0127108758
62745512,9,dim,f32,2,0.0087952956
62745512,10,dim,f32,2,0.00767334725
62745512,11,dim,f32,2,0.0091136747
62745513,0,dim,f32,4,0.00582162706
62745513,1,dim,f32,4,0.00621312164
62745513,2,dim,f32,4,0.00463611215
62745513,3,dim,f32,4,0.00516575478
62745513,4,dim,f32,4,0.00597119006
62745513,5,dim,f32,4,0.0096950895
62745513,6,dim,f32,4,0.00612195812
62745513,7,dim,f32,4,0.00680136436
62745513,8,dim,f32,4,0.0096306513
62745513,9,dim,f32,4,0.00566544163
62745513,10,dim,f32,4,0.00583473012
62745513,11,dim,f32,4,0.00533693794
62745514,0,dim,f32,8,0.00515290125
62745514,1,dim,f32,8,0.00466473115
62745514,2,dim,f32,8,0.00442094023
62745514,3,dim,f32,8,0.00452861665
62745514,4,dim,f32,8,0.00559429475
62745514,5,dim,f32,8,0.00532426406
62745514,6,dim,f32,8,0.00468221655
62745514,7,dim,f32,8,0.00493814355
62745514,8,dim,f32,8,0.0046721539
62745514,9,dim,f32,8,0.00524214894
62745514,10,dim,f32,8,0.00459298915
62745514,11,dim,f32,8,0.00480640205
62745518,0,dim,f32,16,0.00514842333
62745518,1,dim,f32,16,0.00579684112
62745518,2,dim,f32,16,0.0050321795
62745518,3,dim,f32,16,0.0050060355
62745518,4,dim,f32,16,0.00542746178
62745518,5,dim,f32,16,0.00483157855
62745518,6,dim,f32,16,0.0049260875
62745518,7,dim,f32,16,0.00504362994
62745518,8,dim,f32,16,0.00510912167
62745518,9,dim,f32,16,0.0049284617
62745518,10,dim,f32,16,0.0052838005
62745518,11,dim,f32,16,0.0047913209
62745519,0,dim,f32,32,0.00613218775
62745519,1,dim,f32,32,0.00577259519
62745519,2,dim,f32,32,0.00640408121
62745519,3,dim,f32,32,0.00553519031
62745519,4,dim,f32,32,0.00552683928
62745519,5,dim,f32,32,0.00564201663
62745519,6,dim,f32,32,0.00561283862
62745519,7,dim,f32,32,0.00543494406
62745519,8,dim,f32,32,0.00562530912
62745519,9,dim,f32,32,0.00619882925
62745519,10,dim,f32,32,0.00544560467
62745519,11,dim,f32,32,0.00564883106
62745520,0,dim,f32,64,0.00593114968
62745520,1,dim,f32,64,0.00582908388
62745520,2,dim,f32,64,0.00639264493
62745520,3,dim,f32,64,0.00616955063
62745520,4,dim,f32,64,0.00656033043
62745520,5,dim,f32,64,0.00583186619
62745520,6,dim,f32,64,0.00683453721
62745520,7,dim,f32,64,0.00612621669
62745520,8,dim,f32,64,0.00580984775
62745520,9,dim,f32,64,0.00580111607
62745520,10,dim,f32,64,0.00702242057
62745520,11,dim,f32,64,0.00619114693
62745521,0,dim,f32,128,0.00766156775
62745521,1,dim,f32,128,0.00750065425
62745521,2,dim,f32,128,0.00756154967
62745521,3,dim,f32,128,0.00864515
62745521,4,dim,f32,128,0.0086772611
62745521,5,dim,f32,128,0.00999275463
62745521,6,dim,f32,128,0.00795802533
62745521,7,dim,f32,128,0.00802104792
62745521,8,dim,f32,128,0.0079113
62745521,9,dim,f32,128,0.00791206533
62745521,10,dim,f32,128,0.00774512508
62745521,11,dim,f32,128,0.00746385433
62745526,0,dim,f32,256,0.0104433681
62745526,1,dim,f32,256,0.0104092919
62745526,2,dim,f32,256,0.0093056293
62745526,3,dim,f32,256,0.010440721
62745526,4,dim,f32,256,0.0110354892
62745526,5,dim,f32,256,0.0103744646
62745526,6,dim,f32,256,0.009880317
62745526,7,dim,f32,256,0.0115604917
62745526,8,dim,f32,256,0.01001965
62745526,9,dim,f32,256,0.0099014073
62745526,10,dim,f32,256,0.0108696169
62745526,11,dim,f32,256,0.010499617
62745527,0,dim,f32,512,0.0211778213
62745527,1,dim,f32,512,0.021886344
62745527,2,dim,f32,512,0.0233171748
62745527,3,dim,f32,512,0.0213455062
62745527,4,dim,f32,512,0.0245151307
62745527,5,dim,f32,512,0.0221797335
62745527,6,dim,f32,512,0.0203369063
62745527,7,dim,f32,512,0.02071024
62745527,8,dim,f32,512,0.0212885452
62745527,9,dim,f32,512,0.0212041007
62745527,10,dim,f32,512,0.020835864
62745527,11,dim,f32,512,0.022030983
62745528,0,dim,f32,1024,0.071007472
62745528,1,dim,f32,1024,0.06997149
62745528,2,dim,f32,1024,0.068437308
62745528,3,dim,f32,1024,0.072852701
62745528,4,dim,f32,1024,0.069596604
62745528,5,dim,f32,1024,0.071755591
62745528,6,dim,f32,1024,0.0799713371
62745528,7,dim,f32,1024,0.0697949
62745528,8,dim,f32,1024,0.076444269
62745528,9,dim,f32,1024,0.072007598
62745528,10,dim,f32,1024,0.074732272
62745528,11,dim,f32,1024,0.068264514
62745529,0,dim,f32,2048,0.229782654
62745529,1,dim,f32,2048,0.237241964
62745529,2,dim,f32,2048,0.246723618
62745529,3,dim,f32,2048,0.228488145
62745529,4,dim,f32,2048,0.22832668
62745529,5,dim,f32,2048,0.236133042
62745529,6,dim,f32,2048,0.227546017
62745529,7,dim,f32,2048,0.222451241
62745529,8,dim,f32,2048,0.229843327
62745529,9,dim,f32,2048,0.241653161
62745529,10,dim,f32,2048,0.25075154
62745529,11,dim,f32,2048,0.23368643
62745540,0,dim,f32,4096,0.642546437
62745540,1,dim,f32,4096,0.650632929
62745540,2,dim,f32,4096,0.672553477
62745540,3,dim,f32,4096,0.686394498
62745540,4,dim,f32,4096,0.707509328
62745540,5,dim,f32,4096,0.61763661
62745540,6,dim,f32,4096,0.640548808
62745540,7,dim,f32,4096,0.647132542
62745540,8,dim,f32,4096,0.663709342
62745540,9,dim,f32,4096,0.647899674
62745540,10,dim,f32,4096,0.674458927
62745540,11,dim,f32,4096,0.647081613
62745543,0,dim,f32,32768,24.9739003
62745541,0,dim,f32,8192,2.22679534
62745541,1,dim,f32,8192,2.23173253
62745541,2,dim,f32,8192,2.20466193
62745541,3,dim,f32,8192,2.2206194
62745541,4,dim,f32,8192,2.15904986
62745541,5,dim,f32,8192,2.21121104
62745541,6,dim,f32,8192,2.29631321
62745541,7,dim,f32,8192,2.21352941
62745541,8,dim,f32,8192,2.2310507
62745541,9,dim,f32,8192,2.2601364
62745541,10,dim,f32,8192,2.23954398
62745541,11,dim,f32,8192,2.24349924
